index,graph_index,Graph,Adjacency_list,a,d,APG_label_availability,Vertex_labels,Edge_labels,Gurobi_runtime
7,38.0,Graph with 7 nodes and 9 edges,"[[0, 0, 0, 0, 1, 0, 1], [0, 0, 0, 0, 0, 1, 1], [0, 0, 0, 0, 0, 1, 1], [0, 0, 0, 0, 0, 1, 0], [1, 0, 0, 0, 0, 0, 1], [0, 1, 1, 1, 0, 0, 1], [1, 1, 1, 0, 1, 1, 0]]",2.0,2.0,Y,"{0: 6, 1: 10, 2: 4, 3: 2, 4: 8, 5: 14, 6: 12}","{(0, 4): 3, (0, 6): 3, (1, 5): 8, (1, 6): 2, (2, 5): 3, (2, 6): 1, (3, 5): 2, (4, 6): 5, (5, 6): 1}",1302.0000000096843
23,38.0,Graph with 7 nodes and 9 edges,"[[0, 0, 0, 0, 1, 0, 1], [0, 0, 0, 0, 0, 1, 1], [0, 0, 0, 0, 0, 1, 1], [0, 0, 0, 0, 0, 1, 0], [1, 0, 0, 0, 0, 0, 1], [0, 1, 1, 1, 0, 0, 1], [1, 1, 1, 0, 1, 1, 0]]",3.0,9.0,Y,"{0: 12, 1: 3, 2: 21, 3: 39, 4: 30, 5: 48, 6: 57}","{(0, 4): 1, (0, 6): 11, (1, 5): 1, (1, 6): 2, (2, 5): 7, (2, 6): 14, (3, 5): 39, (4, 6): 29, (5, 6): 1}",1338.9999999731117
29,38.0,Graph with 7 nodes and 9 edges,"[[0, 0, 0, 0, 1, 0, 1], [0, 0, 0, 0, 0, 1, 1], [0, 0, 0, 0, 0, 1, 1], [0, 0, 0, 0, 0, 1, 0], [1, 0, 0, 0, 0, 0, 1], [0, 1, 1, 1, 0, 0, 1], [1, 1, 1, 0, 1, 1, 0]]",4.0,7.0,Y,"{0: 11, 1: 4, 2: 18, 3: 32, 4: 25, 5: 39, 6: 46}","{(0, 4): 3, (0, 6): 7, (1, 5): 1, (1, 6): 3, (2, 5): 5, (2, 6): 13, (3, 5): 32, (4, 6): 21, (5, 6): 1}",1312.999999981912
50,48.0,Graph with 7 nodes and 7 edges,"[[0, 0, 0, 0, 1, 1, 1], [0, 0, 0, 0, 0, 1, 0], [0, 0, 0, 0, 0, 0, 1], [0, 0, 0, 0, 0, 0, 1], [1, 0, 0, 0, 0, 0, 0], [1, 1, 0, 0, 0, 0, 1], [1, 0, 1, 1, 0, 1, 0]]",4.0,3.0,Y,"{0: 19, 1: 7, 2: 4, 3: 10, 4: 13, 5: 16, 6: 22}","{(0, 4): 13, (0, 5): 3, (0, 6): 2, (1, 5): 7, (2, 6): 4, (3, 6): 10, (5, 6): 5}",1195.9999999930915
60,55.0,Graph with 7 nodes and 9 edges,"[[0, 0, 0, 0, 1, 1, 1], [0, 0, 0, 0, 0, 1, 0], [0, 0, 0, 0, 0, 0, 1], [0, 0, 0, 0, 0, 0, 1], [1, 0, 0, 0, 0, 1, 1], [1, 1, 0, 0, 1, 0, 1], [1, 0, 1, 1, 1, 1, 0]]",2.0,5.0,Y,"{0: 22, 1: 7, 2: 12, 3: 2, 4: 17, 5: 27, 6: 32}","{(0, 4): 15, (0, 5): 4, (0, 6): 2, (1, 5): 7, (2, 6): 12, (3, 6): 2, (4, 5): 1, (4, 6): 1, (5, 6): 14}",1248.9999999729662
76,55.0,Graph with 7 nodes and 9 edges,"[[0, 0, 0, 0, 1, 1, 1], [0, 0, 0, 0, 0, 1, 0], [0, 0, 0, 0, 0, 0, 1], [0, 0, 0, 0, 0, 0, 1], [1, 0, 0, 0, 0, 1, 1], [1, 1, 0, 0, 1, 0, 1], [1, 0, 1, 1, 1, 1, 0]]",4.0,5.0,Y,"{0: 14, 1: 9, 2: 4, 3: 24, 4: 19, 5: 29, 6: 34}","{(0, 4): 7, (0, 5): 5, (0, 6): 1, (1, 5): 9, (2, 6): 4, (3, 6): 24, (4, 5): 10, (4, 6): 1, (5, 6): 4}",1300.0000000147338
97,59.0,Graph with 7 nodes and 10 edges,"[[0, 0, 0, 0, 1, 1, 1], [0, 0, 0, 0, 0, 1, 1], [0, 0, 0, 0, 0, 0, 1], [0, 0, 0, 0, 0, 0, 1], [1, 0, 0, 0, 0, 1, 1], [1, 1, 0, 0, 1, 0, 1], [1, 1, 1, 1, 1, 1, 0]]",4.0,2.0,Y,"{0: 10, 1: 12, 2: 4, 3: 6, 4: 8, 5: 16, 6: 14}","{(0, 4): 6, (0, 5): 3, (0, 6): 1, (1, 5): 11, (1, 6): 1, (2, 6): 4, (3, 6): 6, (4, 5): 1, (4, 6): 1, (5, 6): 1}",1022.9999999751271
109,93.0,Graph with 7 nodes and 8 edges,"[[0, 0, 0, 0, 1, 0, 1], [0, 0, 0, 0, 1, 0, 1], [0, 0, 0, 0, 0, 1, 1], [0, 0, 0, 0, 0, 1, 0], [1, 1, 0, 0, 0, 0, 1], [0, 0, 1, 1, 0, 0, 0], [1, 1, 1, 0, 1, 0, 0]]",2.0,5.0,Y,"{0: 2, 1: 32, 2: 7, 3: 17, 4: 27, 5: 22, 6: 12}","{(0, 4): 1, (0, 6): 1, (1, 4): 24, (1, 6): 7, (2, 5): 5, (2, 6): 2, (3, 5): 17, (4, 6): 1}",1164.9999999576721
119,93.0,Graph with 7 nodes and 8 edges,"[[0, 0, 0, 0, 1, 0, 1], [0, 0, 0, 0, 1, 0, 1], [0, 0, 0, 0, 0, 1, 1], [0, 0, 0, 0, 0, 1, 0], [1, 1, 0, 0, 0, 0, 1], [0, 0, 1, 1, 0, 0, 0], [1, 1, 1, 0, 1, 0, 0]]",3.0,6.0,Y,"{0: 3, 1: 39, 2: 9, 3: 15, 4: 33, 5: 21, 6: 27}","{(0, 4): 1, (0, 6): 2, (1, 4): 24, (1, 6): 14, (2, 5): 6, (2, 6): 3, (3, 5): 15, (4, 6): 7}",1691.999999991367
123,93.0,Graph with 7 nodes and 8 edges,"[[0, 0, 0, 0, 1, 0, 1], [0, 0, 0, 0, 1, 0, 1], [0, 0, 0, 0, 0, 1, 1], [0, 0, 0, 0, 0, 1, 0], [1, 1, 0, 0, 0, 0, 1], [0, 0, 1, 1, 0, 0, 0], [1, 1, 1, 0, 1, 0, 0]]",4.0,1.0,Y,"{0: 6, 1: 8, 2: 4, 3: 5, 4: 9, 5: 7, 6: 10}","{(0, 4): 1, (0, 6): 5, (1, 4): 6, (1, 6): 1, (2, 5): 2, (2, 6): 2, (3, 5): 5, (4, 6): 1}",2615.9999999890715
140,101.0,Graph with 7 nodes and 9 edges,"[[0, 0, 0, 0, 1, 0, 1], [0, 0, 0, 0, 1, 0, 1], [0, 0, 0, 0, 0, 1, 1], [0, 0, 0, 0, 0, 1, 0], [1, 1, 0, 0, 0, 1, 1], [0, 0, 1, 1, 1, 0, 0], [1, 1, 1, 0, 1, 0, 0]]",2.0,5.0,Y,"{0: 12, 1: 17, 2: 7, 3: 2, 4: 27, 5: 22, 6: 32}","{(0, 4): 1, (0, 6): 11, (1, 4): 4, (1, 6): 12, (2, 5): 1, (2, 6): 6, (3, 5): 2, (4, 5): 19, (4, 6): 2}",4631.999999958225
142,101.0,Graph with 7 nodes and 9 edges,"[[0, 0, 0, 0, 1, 0, 1], [0, 0, 0, 0, 1, 0, 1], [0, 0, 0, 0, 0, 1, 1], [0, 0, 0, 0, 0, 1, 0], [1, 1, 0, 0, 0, 1, 1], [0, 0, 1, 1, 1, 0, 0], [1, 1, 1, 0, 1, 0, 0]]",2.0,7.0,Y,"{0: 2, 1: 23, 2: 16, 3: 37, 4: 9, 5: 44, 6: 30}","{(0, 4): 1, (0, 6): 1, (1, 4): 5, (1, 6): 17, (2, 5): 6, (2, 6): 10, (3, 5): 37, (4, 5): 1, (4, 6): 1}",3903.999999977259
147,101.0,Graph with 7 nodes and 9 edges,"[[0, 0, 0, 0, 1, 0, 1], [0, 0, 0, 0, 1, 0, 1], [0, 0, 0, 0, 0, 1, 1], [0, 0, 0, 0, 0, 1, 0], [1, 1, 0, 0, 0, 1, 1], [0, 0, 1, 1, 1, 0, 0], [1, 1, 1, 0, 1, 0, 0]]",3.0,3.0,Y,"{0: 6, 1: 9, 2: 12, 3: 3, 4: 15, 5: 21, 6: 18}","{(0, 4): 1, (0, 6): 5, (1, 4): 2, (1, 6): 7, (2, 5): 7, (2, 6): 5, (3, 5): 3, (4, 5): 11, (4, 6): 1}",1139.9999999639476
164,111.0,Graph with 7 nodes and 9 edges,"[[0, 0, 0, 0, 1, 1, 0], [0, 0, 0, 0, 1, 0, 1], [0, 0, 0, 0, 0, 1, 1], [0, 0, 0, 0, 0, 0, 1], [1, 1, 0, 0, 0, 0, 1], [1, 0, 1, 0, 0, 0, 1], [0, 1, 1, 1, 1, 1, 0]]",2.0,2.0,Y,"{0: 6, 1: 8, 2: 4, 3: 2, 4: 10, 5: 12, 6: 14}","{(0, 4): 2, (0, 5): 4, (1, 4): 7, (1, 6): 1, (2, 5): 1, (2, 6): 3, (3, 6): 2, (4, 6): 1, (5, 6): 7}",1801.0000000003856
173,111.0,Graph with 7 nodes and 9 edges,"[[0, 0, 0, 0, 1, 1, 0], [0, 0, 0, 0, 1, 0, 1], [0, 0, 0, 0, 0, 1, 1], [0, 0, 0, 0, 0, 0, 1], [1, 1, 0, 0, 0, 0, 1], [1, 0, 1, 0, 0, 0, 1], [0, 1, 1, 1, 1, 1, 0]]",3.0,2.0,Y,"{0: 5, 1: 7, 2: 9, 3: 3, 4: 11, 5: 13, 6: 15}","{(0, 4): 1, (0, 5): 4, (1, 4): 3, (1, 6): 3, (2, 5): 8, (2, 6): 1, (3, 6): 3, (4, 6): 6, (5, 6): 1}",1828.9999999865358
176,111.0,Graph with 7 nodes and 9 edges,"[[0, 0, 0, 0, 1, 1, 0], [0, 0, 0, 0, 1, 0, 1], [0, 0, 0, 0, 0, 1, 1], [0, 0, 0, 0, 0, 0, 1], [1, 1, 0, 0, 0, 0, 1], [1, 0, 1, 0, 0, 0, 1], [0, 1, 1, 1, 1, 1, 0]]",3.0,5.0,Y,"{0: 23, 1: 13, 2: 3, 3: 18, 4: 33, 5: 8, 6: 28}","{(0, 4): 22, (0, 5): 1, (1, 4): 10, (1, 6): 3, (2, 5): 2, (2, 6): 1, (3, 6): 18, (4, 6): 1, (5, 6): 5}",561.0000000046966
194,163.0,Graph with 7 nodes and 9 edges,"[[0, 0, 0, 0, 1, 1, 1], [0, 0, 0, 0, 1, 1, 1], [0, 0, 0, 0, 0, 1, 0], [0, 0, 0, 0, 0, 0, 1], [1, 1, 0, 0, 0, 0, 0], [1, 1, 1, 0, 0, 0, 1], [1, 1, 0, 1, 0, 1, 0]]",2.0,1.0,Y,"{0: 7, 1: 3, 2: 2, 3: 4, 4: 5, 5: 6, 6: 8}","{(0, 4): 4, (0, 5): 1, (0, 6): 1, (1, 4): 1, (1, 5): 1, (1, 6): 1, (2, 5): 2, (3, 6): 4, (5, 6): 1}",2439.9999999786814
195,163.0,Graph with 7 nodes and 9 edges,"[[0, 0, 0, 0, 1, 1, 1], [0, 0, 0, 0, 1, 1, 1], [0, 0, 0, 0, 0, 1, 0], [0, 0, 0, 0, 0, 0, 1], [1, 1, 0, 0, 0, 0, 0], [1, 1, 1, 0, 0, 0, 1], [1, 1, 0, 1, 0, 1, 0]]",2.0,2.0,Y,"{0: 8, 1: 10, 2: 6, 3: 2, 4: 4, 5: 12, 6: 14}","{(0, 4): 1, (0, 5): 1, (0, 6): 6, (1, 4): 3, (1, 5): 3, (1, 6): 4, (2, 5): 6, (3, 6): 2, (5, 6): 2}",1196.9999999905667
205,163.0,Graph with 7 nodes and 9 edges,"[[0, 0, 0, 0, 1, 1, 1], [0, 0, 0, 0, 1, 1, 1], [0, 0, 0, 0, 0, 1, 0], [0, 0, 0, 0, 0, 0, 1], [1, 1, 0, 0, 0, 0, 0], [1, 1, 1, 0, 0, 0, 1], [1, 1, 0, 1, 0, 1, 0]]",3.0,3.0,Y,"{0: 9, 1: 12, 2: 15, 3: 3, 4: 6, 5: 21, 6: 18}","{(0, 4): 1, (0, 5): 1, (0, 6): 7, (1, 4): 5, (1, 5): 2, (1, 6): 5, (2, 5): 15, (3, 6): 3, (5, 6): 3}",1310.9999999869615
215,163.0,Graph with 7 nodes and 9 edges,"[[0, 0, 0, 0, 1, 1, 1], [0, 0, 0, 0, 1, 1, 1], [0, 0, 0, 0, 0, 1, 0], [0, 0, 0, 0, 0, 0, 1], [1, 1, 0, 0, 0, 0, 0], [1, 1, 1, 0, 0, 0, 1], [1, 1, 0, 1, 0, 1, 0]]",4.0,4.0,Y,"{0: 12, 1: 16, 2: 20, 3: 4, 4: 8, 5: 28, 6: 24}","{(0, 4): 1, (0, 5): 1, (0, 6): 10, (1, 4): 7, (1, 5): 3, (1, 6): 6, (2, 5): 20, (3, 6): 4, (5, 6): 4}",1181.9999999715947
222,175.0,Graph with 7 nodes and 10 edges,"[[0, 0, 0, 0, 1, 1, 1], [0, 0, 0, 0, 1, 1, 1], [0, 0, 0, 0, 0, 1, 1], [0, 0, 0, 0, 0, 1, 1], [1, 1, 0, 0, 0, 0, 0], [1, 1, 1, 1, 0, 0, 0], [1, 1, 1, 1, 0, 0, 0]]",3.0,1.0,Y,"{0: 5, 1: 7, 2: 6, 3: 3, 4: 8, 5: 9, 6: 4}","{(0, 4): 3, (0, 5): 1, (0, 6): 1, (1, 4): 5, (1, 5): 1, (1, 6): 1, (2, 5): 5, (2, 6): 1, (3, 5): 2, (3, 6): 1}",1294.9999999705142
225,215.0,Graph with 7 nodes and 6 edges,"[[0, 0, 0, 1, 0, 0, 1], [0, 0, 0, 0, 1, 0, 1], [0, 0, 0, 0, 0, 1, 1], [1, 0, 0, 0, 0, 0, 0], [0, 1, 0, 0, 0, 0, 0], [0, 0, 1, 0, 0, 0, 0], [1, 1, 1, 0, 0, 0, 0]]",2.0,2.0,Y,"{0: 4, 1: 14, 2: 10, 3: 2, 4: 12, 5: 8, 6: 6}","{(0, 3): 2, (0, 6): 2, (1, 4): 12, (1, 6): 2, (2, 5): 8, (2, 6): 2}",1224.999999976717
248,217.0,Graph with 7 nodes and 8 edges,"[[0, 0, 0, 1, 0, 0, 1], [0, 0, 0, 0, 1, 0, 1], [0, 0, 0, 0, 0, 1, 1], [1, 0, 0, 0, 0, 0, 1], [0, 1, 0, 0, 0, 0, 1], [0, 0, 1, 0, 0, 0, 0], [1, 1, 1, 1, 1, 0, 0]]",4.0,2.0,Y,"{0: 6, 1: 8, 2: 14, 3: 4, 4: 12, 5: 10, 6: 16}","{(0, 3): 2, (0, 6): 4, (1, 4): 7, (1, 6): 1, (2, 5): 10, (2, 6): 4, (3, 6): 2, (4, 6): 5}",2210.9999999884167
252,217.0,Graph with 7 nodes and 8 edges,"[[0, 0, 0, 1, 0, 0, 1], [0, 0, 0, 0, 1, 0, 1], [0, 0, 0, 0, 0, 1, 1], [1, 0, 0, 0, 0, 0, 1], [0, 1, 0, 0, 0, 0, 1], [0, 0, 1, 0, 0, 0, 0], [1, 1, 1, 1, 1, 0, 0]]",4.0,6.0,Y,"{0: 10, 1: 16, 2: 34, 3: 4, 4: 28, 5: 22, 6: 40}","{(0, 3): 1, (0, 6): 9, (1, 4): 14, (1, 6): 2, (2, 5): 22, (2, 6): 12, (3, 6): 3, (4, 6): 14}",1850.9999999878346
258,230.0,Graph with 7 nodes and 8 edges,"[[0, 0, 0, 1, 0, 1, 1], [0, 0, 0, 0, 1, 0, 1], [0, 0, 0, 0, 0, 1, 0], [1, 0, 0, 0, 0, 0, 0], [0, 1, 0, 0, 0, 0, 1], [1, 0, 1, 0, 0, 0, 1], [1, 1, 0, 0, 1, 1, 0]]",2.0,3.0,Y,"{0: 14, 1: 8, 2: 11, 3: 5, 4: 2, 5: 20, 6: 17}","{(0, 3): 5, (0, 5): 4, (0, 6): 4, (1, 4): 1, (1, 6): 7, (2, 5): 11, (4, 6): 1, (5, 6): 4}",1169.0000000044165
269,230.0,Graph with 7 nodes and 8 edges,"[[0, 0, 0, 1, 0, 1, 1], [0, 0, 0, 0, 1, 0, 1], [0, 0, 0, 0, 0, 1, 0], [1, 0, 0, 0, 0, 0, 0], [0, 1, 0, 0, 0, 0, 1], [1, 0, 1, 0, 0, 0, 1], [1, 1, 0, 0, 1, 1, 0]]",3.0,5.0,Y,"{0: 23, 1: 13, 2: 18, 3: 8, 4: 3, 5: 33, 6: 28}","{(0, 3): 8, (0, 5): 7, (0, 6): 8, (1, 4): 2, (1, 6): 11, (2, 5): 18, (4, 6): 1, (5, 6): 8}",1670.9999999875436
294,234.0,Graph with 7 nodes and 8 edges,"[[0, 0, 0, 1, 0, 1, 1], [0, 0, 0, 0, 1, 0, 1], [0, 0, 0, 0, 0, 1, 1], [1, 0, 0, 0, 0, 0, 0], [0, 1, 0, 0, 0, 0, 0], [1, 0, 1, 0, 0, 0, 1], [1, 1, 1, 0, 0, 1, 0]]",3.0,3.0,Y,"{0: 6, 1: 21, 2: 12, 3: 3, 4: 15, 5: 9, 6: 18}","{(0, 3): 3, (0, 5): 1, (0, 6): 2, (1, 4): 15, (1, 6): 6, (2, 5): 5, (2, 6): 7, (5, 6): 3}",1865.0000000093314
301,234.0,Graph with 7 nodes and 8 edges,"[[0, 0, 0, 1, 0, 1, 1], [0, 0, 0, 0, 1, 0, 1], [0, 0, 0, 0, 0, 1, 1], [1, 0, 0, 0, 0, 0, 0], [0, 1, 0, 0, 0, 0, 0], [1, 0, 1, 0, 0, 0, 1], [1, 1, 1, 0, 0, 1, 0]]",4.0,1.0,Y,"{0: 6, 1: 10, 2: 7, 3: 4, 4: 9, 5: 8, 6: 5}","{(0, 3): 4, (0, 5): 1, (0, 6): 1, (1, 4): 9, (1, 6): 1, (2, 5): 5, (2, 6): 1, (5, 6): 1}",1201.999999977943
316,235.0,Graph with 7 nodes and 8 edges,"[[0, 0, 0, 1, 0, 1, 1], [0, 0, 0, 0, 1, 0, 1], [0, 0, 0, 0, 0, 1, 1], [1, 0, 0, 0, 0, 0, 0], [0, 1, 0, 0, 0, 0, 1], [1, 0, 1, 0, 0, 0, 0], [1, 1, 1, 0, 1, 0, 0]]",2.0,7.0,Y,"{0: 9, 1: 44, 2: 23, 3: 2, 4: 30, 5: 16, 6: 37}","{(0, 3): 2, (0, 5): 6, (0, 6): 1, (1, 4): 25, (1, 6): 18, (2, 5): 10, (2, 6): 13, (4, 6): 4}",1110.0000000396903
318,235.0,Graph with 7 nodes and 8 edges,"[[0, 0, 0, 1, 0, 1, 1], [0, 0, 0, 0, 1, 0, 1], [0, 0, 0, 0, 0, 1, 1], [1, 0, 0, 0, 0, 0, 0], [0, 1, 0, 0, 0, 0, 1], [1, 0, 1, 0, 0, 0, 0], [1, 1, 1, 0, 1, 0, 0]]",2.0,9.0,Y,"{0: 11, 1: 56, 2: 29, 3: 2, 4: 38, 5: 20, 6: 47}","{(0, 3): 2, (0, 5): 8, (0, 6): 1, (1, 4): 32, (1, 6): 23, (2, 5): 12, (2, 6): 17, (4, 6): 5}",1144.000000010692
341,285.0,Graph with 7 nodes and 10 edges,"[[0, 0, 0, 1, 0, 1, 1], [0, 0, 0, 0, 1, 1, 1], [0, 0, 0, 0, 0, 1, 1], [1, 0, 0, 0, 0, 1, 1], [0, 1, 0, 0, 0, 0, 0], [1, 1, 1, 1, 0, 0, 0], [1, 1, 1, 1, 0, 0, 0]]",2.0,5.0,Y,"{0: 17, 1: 22, 2: 2, 3: 27, 4: 7, 5: 32, 6: 12}","{(0, 3): 8, (0, 5): 7, (0, 6): 1, (1, 4): 7, (1, 5): 14, (1, 6): 1, (2, 5): 1, (2, 6): 1, (3, 5): 9, (3, 6): 9}",1254.0000000171858
342,285.0,Graph with 7 nodes and 10 edges,"[[0, 0, 0, 1, 0, 1, 1], [0, 0, 0, 0, 1, 1, 1], [0, 0, 0, 0, 0, 1, 1], [1, 0, 0, 0, 0, 1, 1], [0, 1, 0, 0, 0, 0, 0], [1, 1, 1, 1, 0, 0, 0], [1, 1, 1, 1, 0, 0, 0]]",2.0,6.0,Y,"{0: 20, 1: 26, 2: 2, 3: 32, 4: 8, 5: 38, 6: 14}","{(0, 3): 10, (0, 5): 9, (0, 6): 1, (1, 4): 8, (1, 5): 17, (1, 6): 1, (2, 5): 1, (2, 6): 1, (3, 5): 11, (3, 6): 11}",1100.0000000080945
347,285.0,Graph with 7 nodes and 10 edges,"[[0, 0, 0, 1, 0, 1, 1], [0, 0, 0, 0, 1, 1, 1], [0, 0, 0, 0, 0, 1, 1], [1, 0, 0, 0, 0, 1, 1], [0, 1, 0, 0, 0, 0, 0], [1, 1, 1, 1, 0, 0, 0], [1, 1, 1, 1, 0, 0, 0]]",3.0,2.0,Y,"{0: 15, 1: 11, 2: 3, 3: 13, 4: 9, 5: 7, 6: 5}","{(0, 3): 10, (0, 5): 2, (0, 6): 2, (1, 4): 9, (1, 5): 1, (1, 6): 1, (2, 5): 2, (2, 6): 1, (3, 5): 1, (3, 6): 1}",1162.9999999627216
349,285.0,Graph with 7 nodes and 10 edges,"[[0, 0, 0, 1, 0, 1, 1], [0, 0, 0, 0, 1, 1, 1], [0, 0, 0, 0, 0, 1, 1], [1, 0, 0, 0, 0, 1, 1], [0, 1, 0, 0, 0, 0, 0], [1, 1, 1, 1, 0, 0, 0], [1, 1, 1, 1, 0, 0, 0]]",3.0,4.0,Y,"{0: 27, 1: 19, 2: 3, 3: 23, 4: 15, 5: 11, 6: 7}","{(0, 3): 19, (0, 5): 5, (0, 6): 2, (1, 4): 15, (1, 5): 3, (1, 6): 1, (2, 5): 2, (2, 6): 1, (3, 5): 1, (3, 6): 2}",1687.0000000039909
360,285.0,Graph with 7 nodes and 10 edges,"[[0, 0, 0, 1, 0, 1, 1], [0, 0, 0, 0, 1, 1, 1], [0, 0, 0, 0, 0, 1, 1], [1, 0, 0, 0, 0, 1, 1], [0, 1, 0, 0, 0, 0, 0], [1, 1, 1, 1, 0, 0, 0], [1, 1, 1, 1, 0, 0, 0]]",4.0,6.0,Y,"{0: 40, 1: 10, 2: 22, 3: 34, 4: 4, 5: 16, 6: 28}","{(0, 3): 29, (0, 5): 1, (0, 6): 10, (1, 4): 4, (1, 5): 1, (1, 6): 5, (2, 5): 13, (2, 6): 9, (3, 5): 1, (3, 6): 4}",3059.0000000074724
361,285.0,Graph with 7 nodes and 10 edges,"[[0, 0, 0, 1, 0, 1, 1], [0, 0, 0, 0, 1, 1, 1], [0, 0, 0, 0, 0, 1, 1], [1, 0, 0, 0, 0, 1, 1], [0, 1, 0, 0, 0, 0, 0], [1, 1, 1, 1, 0, 0, 0], [1, 1, 1, 1, 0, 0, 0]]",4.0,7.0,Y,"{0: 46, 1: 32, 2: 4, 3: 25, 4: 18, 5: 39, 6: 11}","{(0, 3): 19, (0, 5): 22, (0, 6): 4, (1, 4): 18, (1, 5): 13, (1, 6): 1, (2, 5): 3, (2, 6): 1, (3, 5): 1, (3, 6): 4}",3506.0000000157743
367,295.0,Graph with 7 nodes and 10 edges,"[[0, 0, 0, 1, 0, 0, 1], [0, 0, 0, 0, 1, 1, 1], [0, 0, 0, 0, 1, 1, 1], [1, 0, 0, 0, 0, 0, 0], [0, 1, 1, 0, 0, 0, 1], [0, 1, 1, 0, 0, 0, 1], [1, 1, 1, 0, 1, 1, 0]]",2.0,4.0,Y,"{0: 18, 1: 6, 2: 22, 3: 2, 4: 14, 5: 10, 6: 26}","{(0, 3): 2, (0, 6): 16, (1, 4): 1, (1, 5): 1, (1, 6): 4, (2, 4): 12, (2, 5): 7, (2, 6): 3, (4, 6): 1, (5, 6): 2}",1062.9999999878237
371,295.0,Graph with 7 nodes and 10 edges,"[[0, 0, 0, 1, 0, 0, 1], [0, 0, 0, 0, 1, 1, 1], [0, 0, 0, 0, 1, 1, 1], [1, 0, 0, 0, 0, 0, 0], [0, 1, 1, 0, 0, 0, 1], [0, 1, 1, 0, 0, 0, 1], [1, 1, 1, 0, 1, 1, 0]]",2.0,8.0,Y,"{0: 34, 1: 10, 2: 42, 3: 2, 4: 26, 5: 18, 6: 50}","{(0, 3): 2, (0, 6): 32, (1, 4): 1, (1, 5): 1, (1, 6): 8, (2, 4): 24, (2, 5): 13, (2, 6): 5, (4, 6): 1, (5, 6): 4}",1105.999999992946
382,295.0,Graph with 7 nodes and 10 edges,"[[0, 0, 0, 1, 0, 0, 1], [0, 0, 0, 0, 1, 1, 1], [0, 0, 0, 0, 1, 1, 1], [1, 0, 0, 0, 0, 0, 0], [0, 1, 1, 0, 0, 0, 1], [0, 1, 1, 0, 0, 0, 1], [1, 1, 1, 0, 1, 1, 0]]",4.0,1.0,Y,"{0: 9, 1: 6, 2: 7, 3: 4, 4: 8, 5: 5, 6: 10}","{(0, 3): 4, (0, 6): 5, (1, 4): 1, (1, 5): 3, (1, 6): 1, (2, 4): 5, (2, 5): 1, (2, 6): 1, (4, 6): 1, (5, 6): 1}",3257.0000000191612
389,295.0,Graph with 7 nodes and 10 edges,"[[0, 0, 0, 1, 0, 0, 1], [0, 0, 0, 0, 1, 1, 1], [0, 0, 0, 0, 1, 1, 1], [1, 0, 0, 0, 0, 0, 0], [0, 1, 1, 0, 0, 0, 1], [0, 1, 1, 0, 0, 0, 1], [1, 1, 1, 0, 1, 1, 0]]",4.0,8.0,Y,"{0: 52, 1: 12, 2: 28, 3: 44, 4: 20, 5: 4, 6: 36}","{(0, 3): 44, (0, 6): 8, (1, 4): 1, (1, 5): 1, (1, 6): 10, (2, 4): 15, (2, 5): 1, (2, 6): 12, (4, 6): 4, (5, 6): 2}",2449.000000012802
391,297.0,Graph with 7 nodes and 10 edges,"[[0, 0, 0, 1, 0, 0, 1], [0, 0, 0, 0, 1, 1, 1], [0, 0, 0, 0, 1, 1, 1], [1, 0, 0, 0, 0, 0, 1], [0, 1, 1, 0, 0, 0, 1], [0, 1, 1, 0, 0, 0, 0], [1, 1, 1, 1, 1, 0, 0]]",2.0,1.0,Y,"{0: 3, 1: 4, 2: 6, 3: 5, 4: 7, 5: 2, 6: 8}","{(0, 3): 1, (0, 6): 1, (1, 4): 2, (1, 5): 1, (1, 6): 1, (2, 4): 4, (2, 5): 1, (2, 6): 1, (3, 6): 3, (4, 6): 1}",1433.9999999606334
392,297.0,Graph with 7 nodes and 10 edges,"[[0, 0, 0, 1, 0, 0, 1], [0, 0, 0, 0, 1, 1, 1], [0, 0, 0, 0, 1, 1, 1], [1, 0, 0, 0, 0, 0, 1], [0, 1, 1, 0, 0, 0, 1], [0, 1, 1, 0, 0, 0, 0], [1, 1, 1, 1, 1, 0, 0]]",2.0,2.0,Y,"{0: 2, 1: 4, 2: 14, 3: 6, 4: 8, 5: 10, 6: 12}","{(0, 3): 1, (0, 6): 1, (1, 4): 1, (1, 5): 1, (1, 6): 2, (2, 4): 4, (2, 5): 9, (2, 6): 1, (3, 6): 5, (4, 6): 3}",1767.000000029384
393,297.0,Graph with 7 nodes and 10 edges,"[[0, 0, 0, 1, 0, 0, 1], [0, 0, 0, 0, 1, 1, 1], [0, 0, 0, 0, 1, 1, 1], [1, 0, 0, 0, 0, 0, 1], [0, 1, 1, 0, 0, 0, 1], [0, 1, 1, 0, 0, 0, 0], [1, 1, 1, 1, 1, 0, 0]]",2.0,3.0,Y,"{0: 2, 1: 5, 2: 20, 3: 8, 4: 11, 5: 14, 6: 17}","{(0, 3): 1, (0, 6): 1, (1, 4): 1, (1, 5): 1, (1, 6): 3, (2, 4): 5, (2, 5): 13, (2, 6): 1, (3, 6): 7, (4, 6): 4}",1166.0000000119908
398,297.0,Graph with 7 nodes and 10 edges,"[[0, 0, 0, 1, 0, 0, 1], [0, 0, 0, 0, 1, 1, 1], [0, 0, 0, 0, 1, 1, 1], [1, 0, 0, 0, 0, 0, 1], [0, 1, 1, 0, 0, 0, 1], [0, 1, 1, 0, 0, 0, 0], [1, 1, 1, 1, 1, 0, 0]]",2.0,8.0,Y,"{0: 2, 1: 10, 2: 50, 3: 18, 4: 26, 5: 42, 6: 34}","{(0, 3): 1, (0, 6): 1, (1, 4): 1, (1, 5): 6, (1, 6): 3, (2, 4): 13, (2, 5): 36, (2, 6): 1, (3, 6): 17, (4, 6): 12}",1066.0000000370928
417,297.0,Graph with 7 nodes and 10 edges,"[[0, 0, 0, 1, 0, 0, 1], [0, 0, 0, 0, 1, 1, 1], [0, 0, 0, 0, 1, 1, 1], [1, 0, 0, 0, 0, 0, 1], [0, 1, 1, 0, 0, 0, 1], [0, 1, 1, 0, 0, 0, 0], [1, 1, 1, 1, 1, 0, 0]]",4.0,9.0,Y,"{0: 13, 1: 22, 2: 31, 3: 40, 4: 49, 5: 4, 6: 58}","{(0, 3): 12, (0, 6): 1, (1, 4): 20, (1, 5): 1, (1, 6): 1, (2, 4): 14, (2, 5): 3, (2, 6): 13, (3, 6): 28, (4, 6): 14}",2315.000000010059
418,305.0,Graph with 7 nodes and 10 edges,"[[0, 0, 0, 1, 0, 0, 1], [0, 0, 0, 0, 1, 1, 1], [0, 0, 0, 0, 1, 1, 1], [1, 0, 0, 0, 0, 0, 1], [0, 1, 1, 0, 0, 1, 0], [0, 1, 1, 0, 1, 0, 0], [1, 1, 1, 1, 0, 0, 0]]",2.0,1.0,Y,"{0: 5, 1: 7, 2: 3, 3: 2, 4: 6, 5: 4, 6: 8}","{(0, 3): 1, (0, 6): 4, (1, 4): 3, (1, 5): 1, (1, 6): 2, (2, 4): 1, (2, 5): 1, (2, 6): 1, (3, 6): 1, (4, 5): 1}",4016.0000000355467
421,305.0,Graph with 7 nodes and 10 edges,"[[0, 0, 0, 1, 0, 0, 1], [0, 0, 0, 0, 1, 1, 1], [0, 0, 0, 0, 1, 1, 1], [1, 0, 0, 0, 0, 0, 1], [0, 1, 1, 0, 0, 1, 0], [0, 1, 1, 0, 1, 0, 0], [1, 1, 1, 1, 0, 0, 0]]",2.0,4.0,Y,"{0: 6, 1: 14, 2: 18, 3: 2, 4: 22, 5: 26, 6: 10}","{(0, 3): 1, (0, 6): 5, (1, 4): 1, (1, 5): 10, (1, 6): 3, (2, 4): 11, (2, 5): 6, (2, 6): 1, (3, 6): 1, (4, 5): 10}",3297.000000031858
422,305.0,Graph with 7 nodes and 10 edges,"[[0, 0, 0, 1, 0, 0, 1], [0, 0, 0, 0, 1, 1, 1], [0, 0, 0, 0, 1, 1, 1], [1, 0, 0, 0, 0, 0, 1], [0, 1, 1, 0, 0, 1, 0], [0, 1, 1, 0, 1, 0, 0], [1, 1, 1, 1, 0, 0, 0]]",2.0,5.0,Y,"{0: 17, 1: 27, 2: 7, 3: 2, 4: 22, 5: 12, 6: 32}","{(0, 3): 1, (0, 6): 16, (1, 4): 13, (1, 5): 3, (1, 6): 10, (2, 4): 1, (2, 5): 1, (2, 6): 5, (3, 6): 1, (4, 5): 7}",3434.0000000270265
429,305.0,Graph with 7 nodes and 10 edges,"[[0, 0, 0, 1, 0, 0, 1], [0, 0, 0, 0, 1, 1, 1], [0, 0, 0, 0, 1, 1, 1], [1, 0, 0, 0, 0, 0, 1], [0, 1, 1, 0, 0, 1, 0], [0, 1, 1, 0, 1, 0, 0], [1, 1, 1, 1, 0, 0, 0]]",3.0,3.0,Y,"{0: 3, 1: 12, 2: 9, 3: 15, 4: 6, 5: 18, 6: 21}","{(0, 3): 1, (0, 6): 2, (1, 4): 1, (1, 5): 7, (1, 6): 4, (2, 4): 1, (2, 5): 7, (2, 6): 1, (3, 6): 14, (4, 5): 4}",1661.0000000127911
432,305.0,Graph with 7 nodes and 10 edges,"[[0, 0, 0, 1, 0, 0, 1], [0, 0, 0, 0, 1, 1, 1], [0, 0, 0, 0, 1, 1, 1], [1, 0, 0, 0, 0, 0, 1], [0, 1, 1, 0, 0, 1, 0], [0, 1, 1, 0, 1, 0, 0], [1, 1, 1, 1, 0, 0, 0]]",3.0,6.0,Y,"{0: 3, 1: 33, 2: 15, 3: 21, 4: 9, 5: 27, 6: 39}","{(0, 3): 1, (0, 6): 2, (1, 4): 5, (1, 5): 23, (1, 6): 4, (2, 4): 1, (2, 5): 1, (2, 6): 13, (3, 6): 20, (4, 5): 2}",3140.0000000303407
453,316.0,Graph with 7 nodes and 11 edges,"[[0, 0, 0, 1, 0, 1, 1], [0, 0, 0, 0, 1, 0, 1], [0, 0, 0, 0, 1, 0, 1], [1, 0, 0, 0, 0, 1, 1], [0, 1, 1, 0, 0, 1, 0], [1, 0, 0, 1, 1, 0, 1], [1, 1, 1, 1, 0, 1, 0]]",2.0,9.0,Y,"{0: 11, 1: 2, 2: 56, 3: 29, 4: 38, 5: 20, 6: 47}","{(0, 3): 9, (0, 5): 1, (0, 6): 1, (1, 4): 1, (1, 6): 1, (2, 4): 36, (2, 6): 20, (3, 5): 6, (3, 6): 13, (4, 5): 1, (5, 6): 11}",1874.9999999840838
462,316.0,Graph with 7 nodes and 11 edges,"[[0, 0, 0, 1, 0, 1, 1], [0, 0, 0, 0, 1, 0, 1], [0, 0, 0, 0, 1, 0, 1], [1, 0, 0, 0, 0, 1, 1], [0, 1, 1, 0, 0, 1, 0], [1, 0, 0, 1, 1, 0, 1], [1, 1, 1, 1, 0, 1, 0]]",3.0,9.0,Y,"{0: 21, 1: 12, 2: 30, 3: 39, 4: 3, 5: 57, 6: 48}","{(0, 3): 4, (0, 5): 16, (0, 6): 1, (1, 4): 1, (1, 6): 11, (2, 4): 1, (2, 6): 29, (3, 5): 34, (3, 6): 1, (4, 5): 1, (5, 6): 6}",1746.0000000255604
463,316.0,Graph with 7 nodes and 11 edges,"[[0, 0, 0, 1, 0, 1, 1], [0, 0, 0, 0, 1, 0, 1], [0, 0, 0, 0, 1, 0, 1], [1, 0, 0, 0, 0, 1, 1], [0, 1, 1, 0, 0, 1, 0], [1, 0, 0, 1, 1, 0, 1], [1, 1, 1, 1, 0, 1, 0]]",4.0,1.0,Y,"{0: 6, 1: 7, 2: 4, 3: 8, 4: 5, 5: 9, 6: 10}","{(0, 3): 2, (0, 5): 2, (0, 6): 1, (1, 4): 1, (1, 6): 6, (2, 4): 3, (2, 6): 1, (3, 5): 4, (3, 6): 1, (4, 5): 1, (5, 6): 1}",1721.000000031836
471,316.0,Graph with 7 nodes and 11 edges,"[[0, 0, 0, 1, 0, 1, 1], [0, 0, 0, 0, 1, 0, 1], [0, 0, 0, 0, 1, 0, 1], [1, 0, 0, 0, 0, 1, 1], [0, 1, 1, 0, 0, 1, 0], [1, 0, 0, 1, 1, 0, 1], [1, 1, 1, 1, 0, 1, 0]]",4.0,9.0,Y,"{0: 22, 1: 31, 2: 13, 3: 40, 4: 4, 5: 49, 6: 58}","{(0, 3): 1, (0, 5): 7, (0, 6): 13, (1, 4): 1, (1, 6): 30, (2, 4): 1, (2, 6): 12, (3, 5): 38, (3, 6): 1, (4, 5): 2, (5, 6): 1}",2178.0000000148902
489,318.0,Graph with 7 nodes and 12 edges,"[[0, 0, 0, 1, 0, 1, 1], [0, 0, 0, 0, 1, 0, 1], [0, 0, 0, 0, 1, 0, 1], [1, 0, 0, 0, 0, 1, 1], [0, 1, 1, 0, 0, 1, 1], [1, 0, 0, 1, 1, 0, 1], [1, 1, 1, 1, 1, 1, 0]]",3.0,9.0,Y,"{0: 3, 1: 21, 2: 12, 3: 30, 4: 48, 5: 57, 6: 39}","{(0, 3): 1, (0, 5): 1, (0, 6): 1, (1, 4): 20, (1, 6): 1, (2, 4): 11, (2, 6): 1, (3, 5): 28, (3, 6): 1, (4, 5): 5, (4, 6): 12, (5, 6): 23}",2031.000000044969
492,318.0,Graph with 7 nodes and 12 edges,"[[0, 0, 0, 1, 0, 1, 1], [0, 0, 0, 0, 1, 0, 1], [0, 0, 0, 0, 1, 0, 1], [1, 0, 0, 0, 0, 1, 1], [0, 1, 1, 0, 0, 1, 1], [1, 0, 0, 1, 1, 0, 1], [1, 1, 1, 1, 1, 1, 0]]",4.0,3.0,Y,"{0: 13, 1: 4, 2: 19, 3: 16, 4: 7, 5: 10, 6: 22}","{(0, 3): 9, (0, 5): 2, (0, 6): 1, (1, 4): 1, (1, 6): 3, (2, 4): 4, (2, 6): 15, (3, 5): 5, (3, 6): 1, (4, 5): 1, (4, 6): 1, (5, 6): 1}",1387.9999999630854
508,338.0,Graph with 7 nodes and 12 edges,"[[0, 0, 0, 1, 0, 1, 1], [0, 0, 0, 0, 1, 1, 1], [0, 0, 0, 0, 1, 0, 1], [1, 0, 0, 0, 0, 0, 1], [0, 1, 1, 0, 0, 1, 1], [1, 1, 0, 0, 1, 0, 1], [1, 1, 1, 1, 1, 1, 0]]",3.0,1.0,Y,"{0: 5, 1: 4, 2: 3, 3: 6, 4: 8, 5: 7, 6: 9}","{(0, 3): 2, (0, 5): 1, (0, 6): 1, (1, 4): 1, (1, 5): 1, (1, 6): 1, (2, 4): 2, (2, 6): 1, (3, 6): 3, (4, 5): 3, (4, 6): 1, (5, 6): 1}",1260.0000000020373
519,338.0,Graph with 7 nodes and 12 edges,"[[0, 0, 0, 1, 0, 1, 1], [0, 0, 0, 0, 1, 1, 1], [0, 0, 0, 0, 1, 0, 1], [1, 0, 0, 0, 0, 0, 1], [0, 1, 1, 0, 0, 1, 1], [1, 1, 0, 0, 1, 0, 1], [1, 1, 1, 1, 1, 1, 0]]",4.0,3.0,Y,"{0: 7, 1: 10, 2: 13, 3: 16, 4: 19, 5: 4, 6: 22}","{(0, 3): 3, (0, 5): 1, (0, 6): 2, (1, 4): 5, (1, 5): 1, (1, 6): 4, (2, 4): 12, (2, 6): 1, (3, 6): 12, (4, 5): 1, (4, 6): 1, (5, 6): 1}",1720.9999999749925
546,344.0,Graph with 7 nodes and 9 edges,"[[0, 0, 0, 1, 0, 1, 1], [0, 0, 0, 0, 1, 1, 1], [0, 0, 0, 0, 1, 0, 0], [1, 0, 0, 0, 0, 1, 0], [0, 1, 1, 0, 0, 0, 1], [1, 1, 0, 1, 0, 0, 0], [1, 1, 0, 0, 1, 0, 0]]",4.0,3.0,Y,"{0: 10, 1: 13, 2: 16, 3: 4, 4: 22, 5: 7, 6: 19}","{(0, 3): 1, (0, 5): 1, (0, 6): 8, (1, 4): 2, (1, 5): 3, (1, 6): 7, (2, 4): 16, (3, 5): 3, (4, 6): 3}",1262.999999994463
555,345.0,Graph with 7 nodes and 10 edges,"[[0, 0, 0, 1, 0, 1, 1], [0, 0, 0, 0, 1, 1, 1], [0, 0, 0, 0, 1, 0, 0], [1, 0, 0, 0, 0, 1, 1], [0, 1, 1, 0, 0, 0, 0], [1, 1, 0, 1, 0, 0, 1], [1, 1, 0, 1, 0, 1, 0]]",2.0,3.0,Y,"{0: 5, 1: 20, 2: 2, 3: 11, 4: 14, 5: 17, 6: 8}","{(0, 3): 1, (0, 5): 3, (0, 6): 1, (1, 4): 12, (1, 5): 7, (1, 6): 1, (2, 4): 2, (3, 5): 5, (3, 6): 4, (5, 6): 1}",1420.9999999934553
567,345.0,Graph with 7 nodes and 10 edges,"[[0, 0, 0, 1, 0, 1, 1], [0, 0, 0, 0, 1, 1, 1], [0, 0, 0, 0, 1, 0, 0], [1, 0, 0, 0, 0, 1, 1], [0, 1, 1, 0, 0, 0, 0], [1, 1, 0, 1, 0, 0, 1], [1, 1, 0, 1, 0, 1, 0]]",3.0,6.0,Y,"{0: 3, 1: 9, 2: 33, 3: 27, 4: 39, 5: 15, 6: 21}","{(0, 3): 1, (0, 5): 1, (0, 6): 1, (1, 4): 6, (1, 5): 2, (1, 6): 1, (2, 4): 33, (3, 5): 9, (3, 6): 16, (5, 6): 2}",1529.0000000049986
569,345.0,Graph with 7 nodes and 10 edges,"[[0, 0, 0, 1, 0, 1, 1], [0, 0, 0, 0, 1, 1, 1], [0, 0, 0, 0, 1, 0, 0], [1, 0, 0, 0, 0, 1, 1], [0, 1, 1, 0, 0, 0, 0], [1, 1, 0, 1, 0, 0, 1], [1, 1, 0, 1, 0, 1, 0]]",3.0,8.0,Y,"{0: 3, 1: 11, 2: 43, 3: 35, 4: 51, 5: 19, 6: 27}","{(0, 3): 1, (0, 5): 1, (0, 6): 1, (1, 4): 8, (1, 5): 1, (1, 6): 2, (2, 4): 43, (3, 5): 13, (3, 6): 20, (5, 6): 3}",1283.9999999982865
579,345.0,Graph with 7 nodes and 10 edges,"[[0, 0, 0, 1, 0, 1, 1], [0, 0, 0, 0, 1, 1, 1], [0, 0, 0, 0, 1, 0, 0], [1, 0, 0, 0, 0, 1, 1], [0, 1, 1, 0, 0, 0, 0], [1, 1, 0, 1, 0, 0, 1], [1, 1, 0, 1, 0, 1, 0]]",4.0,9.0,Y,"{0: 4, 1: 13, 2: 49, 3: 31, 4: 58, 5: 22, 6: 40}","{(0, 3): 1, (0, 5): 2, (0, 6): 1, (1, 4): 9, (1, 5): 3, (1, 6): 1, (2, 4): 49, (3, 5): 4, (3, 6): 25, (5, 6): 12}",1305.9999999995853
583,380.0,Graph with 7 nodes and 12 edges,"[[0, 0, 0, 1, 0, 1, 1], [0, 0, 0, 0, 1, 1, 1], [0, 0, 0, 0, 1, 1, 0], [1, 0, 0, 0, 0, 0, 1], [0, 1, 1, 0, 0, 1, 1], [1, 1, 1, 0, 1, 0, 1], [1, 1, 0, 1, 1, 1, 0]]",2.0,4.0,Y,"{0: 6, 1: 26, 2: 2, 3: 14, 4: 10, 5: 18, 6: 22}","{(0, 3): 2, (0, 5): 1, (0, 6): 3, (1, 4): 7, (1, 5): 14, (1, 6): 5, (2, 4): 1, (2, 5): 1, (3, 6): 12, (4, 5): 1, (4, 6): 1, (5, 6): 1}",1179.0000000360124
616,391.0,Graph with 7 nodes and 14 edges,"[[0, 0, 0, 1, 0, 1, 1], [0, 0, 0, 0, 1, 1, 1], [0, 0, 0, 0, 1, 1, 1], [1, 0, 0, 0, 0, 1, 1], [0, 1, 1, 0, 0, 1, 1], [1, 1, 1, 1, 1, 0, 1], [1, 1, 1, 1, 1, 1, 0]]",4.0,1.0,Y,"{0: 7, 1: 6, 2: 5, 3: 8, 4: 4, 5: 9, 6: 10}","{(0, 3): 5, (0, 5): 1, (0, 6): 1, (1, 4): 1, (1, 5): 2, (1, 6): 2, (2, 4): 1, (2, 5): 1, (2, 6): 3, (3, 5): 2, (3, 6): 1, (4, 5): 1, (4, 6): 1, (5, 6): 1}",1845.0000000029831
617,391.0,Graph with 7 nodes and 14 edges,"[[0, 0, 0, 1, 0, 1, 1], [0, 0, 0, 0, 1, 1, 1], [0, 0, 0, 0, 1, 1, 1], [1, 0, 0, 0, 0, 1, 1], [0, 1, 1, 0, 0, 1, 1], [1, 1, 1, 1, 1, 0, 1], [1, 1, 1, 1, 1, 1, 0]]",4.0,2.0,Y,"{0: 6, 1: 10, 2: 8, 3: 12, 4: 4, 5: 14, 6: 16}","{(0, 3): 4, (0, 5): 1, (0, 6): 1, (1, 4): 1, (1, 5): 3, (1, 6): 6, (2, 4): 1, (2, 5): 1, (2, 6): 6, (3, 5): 7, (3, 6): 1, (4, 5): 1, (4, 6): 1, (5, 6): 1}",1293.0000000324071
622,391.0,Graph with 7 nodes and 14 edges,"[[0, 0, 0, 1, 0, 1, 1], [0, 0, 0, 0, 1, 1, 1], [0, 0, 0, 0, 1, 1, 1], [1, 0, 0, 0, 0, 1, 1], [0, 1, 1, 0, 0, 1, 1], [1, 1, 1, 1, 1, 0, 1], [1, 1, 1, 1, 1, 1, 0]]",4.0,7.0,Y,"{0: 11, 1: 25, 2: 18, 3: 32, 4: 4, 5: 39, 6: 46}","{(0, 3): 1, (0, 5): 1, (0, 6): 8, (1, 4): 1, (1, 5): 5, (1, 6): 18, (2, 4): 1, (2, 5): 1, (2, 6): 16, (3, 5): 29, (3, 6): 1, (4, 5): 1, (4, 6): 1, (5, 6): 1}",1960.9999999943284
645,401.0,Graph with 7 nodes and 10 edges,"[[0, 0, 0, 1, 1, 0, 1], [0, 0, 0, 0, 0, 1, 1], [0, 0, 0, 0, 0, 1, 1], [1, 0, 0, 0, 1, 0, 1], [1, 0, 0, 1, 0, 0, 0], [0, 1, 1, 0, 0, 0, 1], [1, 1, 1, 1, 0, 1, 0]]",4.0,3.0,Y,"{0: 10, 1: 13, 2: 7, 3: 16, 4: 4, 5: 19, 6: 22}","{(0, 3): 6, (0, 4): 1, (0, 6): 2, (1, 5): 12, (1, 6): 1, (2, 5): 1, (2, 6): 6, (3, 4): 3, (3, 6): 6, (5, 6): 6}",2747.999999996864
655,409.0,Graph with 7 nodes and 12 edges,"[[0, 0, 0, 1, 1, 1, 1], [0, 0, 0, 0, 0, 1, 1], [0, 0, 0, 0, 0, 1, 0], [1, 0, 0, 0, 1, 1, 1], [1, 0, 0, 1, 0, 0, 1], [1, 1, 1, 1, 0, 0, 1], [1, 1, 0, 1, 1, 1, 0]]",2.0,4.0,Y,"{0: 6, 1: 2, 2: 22, 3: 14, 4: 18, 5: 26, 6: 10}","{(0, 3): 1, (0, 4): 2, (0, 5): 1, (0, 6): 2, (1, 5): 1, (1, 6): 1, (2, 5): 22, (3, 4): 11, (3, 5): 1, (3, 6): 1, (4, 6): 5, (5, 6): 1}",1504.000000011274
660,409.0,Graph with 7 nodes and 12 edges,"[[0, 0, 0, 1, 1, 1, 1], [0, 0, 0, 0, 0, 1, 1], [0, 0, 0, 0, 0, 1, 0], [1, 0, 0, 0, 1, 1, 1], [1, 0, 0, 1, 0, 0, 1], [1, 1, 1, 1, 0, 0, 1], [1, 1, 0, 1, 1, 1, 0]]",2.0,9.0,Y,"{0: 11, 1: 2, 2: 47, 3: 29, 4: 38, 5: 56, 6: 20}","{(0, 3): 4, (0, 4): 4, (0, 5): 1, (0, 6): 1, (1, 5): 1, (1, 6): 1, (2, 5): 47, (3, 4): 17, (3, 5): 6, (3, 6): 1, (4, 6): 16, (5, 6): 1}",2211.999999985892
682,473.0,Graph with 7 nodes and 12 edges,"[[0, 0, 0, 1, 1, 1, 1], [0, 0, 0, 0, 1, 1, 1], [0, 0, 0, 0, 0, 0, 1], [1, 0, 0, 0, 0, 1, 1], [1, 1, 0, 0, 0, 0, 1], [1, 1, 0, 1, 0, 0, 1], [1, 1, 1, 1, 1, 1, 0]]",2.0,4.0,Y,"{0: 6, 1: 10, 2: 2, 3: 22, 4: 14, 5: 18, 6: 26}","{(0, 3): 1, (0, 4): 3, (0, 5): 1, (0, 6): 1, (1, 4): 2, (1, 5): 1, (1, 6): 7, (2, 6): 2, (3, 5): 15, (3, 6): 6, (4, 6): 9, (5, 6): 1}",1964.9999999842294
688,473.0,Graph with 7 nodes and 12 edges,"[[0, 0, 0, 1, 1, 1, 1], [0, 0, 0, 0, 1, 1, 1], [0, 0, 0, 0, 0, 0, 1], [1, 0, 0, 0, 0, 1, 1], [1, 1, 0, 0, 0, 0, 1], [1, 1, 0, 1, 0, 0, 1], [1, 1, 1, 1, 1, 1, 0]]",3.0,1.0,Y,"{0: 4, 1: 8, 2: 3, 3: 5, 4: 6, 5: 7, 6: 9}","{(0, 3): 1, (0, 4): 1, (0, 5): 1, (0, 6): 1, (1, 4): 4, (1, 5): 2, (1, 6): 2, (2, 6): 3, (3, 5): 3, (3, 6): 1, (4, 6): 1, (5, 6): 1}",2439.9999999786814
716,483.0,Graph with 7 nodes and 11 edges,"[[0, 0, 0, 1, 1, 1, 1], [0, 0, 0, 0, 1, 1, 1], [0, 0, 0, 0, 0, 1, 1], [1, 0, 0, 0, 0, 0, 1], [1, 1, 0, 0, 0, 0, 0], [1, 1, 1, 0, 0, 0, 1], [1, 1, 1, 1, 0, 1, 0]]",3.0,2.0,Y,"{0: 5, 1: 15, 2: 3, 3: 7, 4: 9, 5: 11, 6: 13}","{(0, 3): 1, (0, 4): 1, (0, 5): 2, (0, 6): 1, (1, 4): 8, (1, 5): 4, (1, 6): 2, (2, 5): 2, (2, 6): 1, (3, 6): 6, (5, 6): 2}",2202.0000000111395
737,492.0,Graph with 7 nodes and 13 edges,"[[0, 0, 0, 1, 1, 1, 1], [0, 0, 0, 0, 1, 1, 1], [0, 0, 0, 0, 0, 1, 1], [1, 0, 0, 0, 0, 0, 1], [1, 1, 0, 0, 0, 1, 1], [1, 1, 1, 0, 1, 0, 1], [1, 1, 1, 1, 1, 1, 0]]",2.0,5.0,Y,"{0: 7, 1: 32, 2: 2, 3: 17, 4: 12, 5: 22, 6: 27}","{(0, 3): 1, (0, 4): 1, (0, 5): 1, (0, 6): 3, (1, 4): 9, (1, 5): 18, (1, 6): 5, (2, 5): 1, (2, 6): 1, (3, 6): 15, (4, 5): 1, (4, 6): 1, (5, 6): 1}",1524.0000000176224
762,493.0,Graph with 7 nodes and 11 edges,"[[0, 0, 0, 1, 1, 1, 0], [0, 0, 0, 0, 1, 1, 1], [0, 0, 0, 0, 0, 1, 1], [1, 0, 0, 0, 0, 1, 1], [1, 1, 0, 0, 0, 0, 1], [1, 1, 1, 1, 0, 0, 0], [0, 1, 1, 1, 1, 0, 0]]",2.0,3.0,Y,"{0: 20, 1: 11, 2: 2, 3: 17, 4: 14, 5: 8, 6: 5}","{(0, 3): 13, (0, 4): 3, (0, 5): 3, (1, 4): 9, (1, 5): 1, (1, 6): 1, (2, 5): 1, (2, 6): 1, (3, 5): 2, (3, 6): 1, (4, 6): 2}",2114.0000000059445
781,493.0,Graph with 7 nodes and 11 edges,"[[0, 0, 0, 1, 1, 1, 0], [0, 0, 0, 0, 1, 1, 1], [0, 0, 0, 0, 0, 1, 1], [1, 0, 0, 0, 0, 1, 1], [1, 1, 0, 0, 0, 0, 1], [1, 1, 1, 1, 0, 0, 0], [0, 1, 1, 1, 1, 0, 0]]",4.0,4.0,Y,"{0: 4, 1: 12, 2: 28, 3: 8, 4: 16, 5: 24, 6: 20}","{(0, 3): 1, (0, 4): 1, (0, 5): 2, (1, 4): 10, (1, 5): 1, (1, 6): 1, (2, 5): 19, (2, 6): 9, (3, 5): 2, (3, 6): 5, (4, 6): 5}",514.9999999503052
811,584.0,Graph with 7 nodes and 14 edges,"[[0, 0, 0, 1, 1, 1, 1], [0, 0, 0, 0, 1, 1, 1], [0, 0, 0, 0, 1, 1, 1], [1, 0, 0, 0, 1, 1, 0], [1, 1, 1, 1, 0, 0, 1], [1, 1, 1, 1, 0, 0, 1], [1, 1, 1, 0, 1, 1, 0]]",3.0,7.0,Y,"{0: 10, 1: 3, 2: 45, 3: 31, 4: 38, 5: 17, 6: 24}","{(0, 3): 7, (0, 4): 1, (0, 5): 1, (0, 6): 1, (1, 4): 1, (1, 5): 1, (1, 6): 1, (2, 4): 24, (2, 5): 1, (2, 6): 20, (3, 4): 11, (3, 5): 13, (4, 6): 1, (5, 6): 1}",1407.9999999694337
817,584.0,Graph with 7 nodes and 14 edges,"[[0, 0, 0, 1, 1, 1, 1], [0, 0, 0, 0, 1, 1, 1], [0, 0, 0, 0, 1, 1, 1], [1, 0, 0, 0, 1, 1, 0], [1, 1, 1, 1, 0, 0, 1], [1, 1, 1, 1, 0, 0, 1], [1, 1, 1, 0, 1, 1, 0]]",4.0,4.0,Y,"{0: 4, 1: 12, 2: 8, 3: 16, 4: 20, 5: 24, 6: 28}","{(0, 3): 1, (0, 4): 1, (0, 5): 1, (0, 6): 1, (1, 4): 1, (1, 5): 2, (1, 6): 9, (2, 4): 1, (2, 5): 6, (2, 6): 1, (3, 4): 14, (3, 5): 1, (4, 6): 3, (5, 6): 14}",1309.9999999894862
825,638.0,Graph with 7 nodes and 13 edges,"[[0, 0, 0, 1, 1, 1, 1], [0, 0, 0, 1, 0, 1, 1], [0, 0, 0, 0, 1, 1, 1], [1, 1, 0, 0, 0, 1, 1], [1, 0, 1, 0, 0, 0, 0], [1, 1, 1, 1, 0, 0, 1], [1, 1, 1, 1, 0, 1, 0]]",2.0,3.0,Y,"{0: 5, 1: 20, 2: 8, 3: 14, 4: 2, 5: 11, 6: 17}","{(0, 3): 1, (0, 4): 1, (0, 5): 1, (0, 6): 2, (1, 3): 11, (1, 5): 4, (1, 6): 4, (2, 4): 1, (2, 5): 1, (2, 6): 6, (3, 5): 1, (3, 6): 1, (5, 6): 3}",1010.0000000647924
829,638.0,Graph with 7 nodes and 13 edges,"[[0, 0, 0, 1, 1, 1, 1], [0, 0, 0, 1, 0, 1, 1], [0, 0, 0, 0, 1, 1, 1], [1, 1, 0, 0, 0, 1, 1], [1, 0, 1, 0, 0, 0, 0], [1, 1, 1, 1, 0, 0, 1], [1, 1, 1, 1, 0, 1, 0]]",2.0,7.0,Y,"{0: 23, 1: 16, 2: 37, 3: 9, 4: 2, 5: 44, 6: 30}","{(0, 3): 1, (0, 4): 1, (0, 5): 1, (0, 6): 20, (1, 3): 4, (1, 5): 6, (1, 6): 5, (2, 4): 1, (2, 5): 35, (2, 6): 1, (3, 5): 1, (3, 6): 2, (5, 6): 1}",1270.999999974265
849,638.0,Graph with 7 nodes and 13 edges,"[[0, 0, 0, 1, 1, 1, 1], [0, 0, 0, 1, 0, 1, 1], [0, 0, 0, 0, 1, 1, 1], [1, 1, 0, 0, 0, 1, 1], [1, 0, 1, 0, 0, 0, 0], [1, 1, 1, 1, 0, 0, 1], [1, 1, 1, 1, 0, 1, 0]]",4.0,9.0,Y,"{0: 13, 1: 31, 2: 22, 3: 40, 4: 4, 5: 49, 6: 58}","{(0, 3): 9, (0, 4): 1, (0, 5): 1, (0, 6): 2, (1, 3): 29, (1, 5): 1, (1, 6): 1, (2, 4): 3, (2, 5): 5, (2, 6): 13, (3, 5): 1, (3, 6): 1, (5, 6): 40}",1171.9999999968422
861,639.0,Graph with 7 nodes and 13 edges,"[[0, 0, 0, 1, 1, 1, 1], [0, 0, 0, 1, 0, 1, 1], [0, 0, 0, 0, 1, 1, 1], [1, 1, 0, 0, 0, 1, 1], [1, 0, 1, 0, 0, 0, 1], [1, 1, 1, 1, 0, 0, 0], [1, 1, 1, 1, 1, 0, 0]]",4.0,3.0,Y,"{0: 13, 1: 7, 2: 19, 3: 16, 4: 4, 5: 10, 6: 22}","{(0, 3): 5, (0, 4): 1, (0, 5): 1, (0, 6): 5, (1, 3): 5, (1, 5): 1, (1, 6): 1, (2, 4): 2, (2, 5): 3, (2, 6): 13, (3, 5): 4, (3, 6): 1, (4, 6): 1}",1283.0000000576547
873,645.0,Graph with 7 nodes and 15 edges,"[[0, 0, 0, 1, 1, 0, 1], [0, 0, 0, 1, 0, 1, 1], [0, 0, 0, 0, 1, 1, 1], [1, 1, 0, 0, 1, 1, 1], [1, 0, 1, 1, 0, 1, 1], [0, 1, 1, 1, 1, 0, 1], [1, 1, 1, 1, 1, 1, 0]]",3.0,6.0,Y,"{0: 9, 1: 3, 2: 15, 3: 39, 4: 21, 5: 27, 6: 33}","{(0, 3): 7, (0, 4): 1, (0, 6): 1, (1, 3): 1, (1, 5): 1, (1, 6): 1, (2, 4): 1, (2, 5): 1, (2, 6): 13, (3, 4): 17, (3, 5): 10, (3, 6): 3, (4, 5): 1, (4, 6): 1, (5, 6): 13}",1160.9999999109277
875,645.0,Graph with 7 nodes and 15 edges,"[[0, 0, 0, 1, 1, 0, 1], [0, 0, 0, 1, 0, 1, 1], [0, 0, 0, 0, 1, 1, 1], [1, 1, 0, 0, 1, 1, 1], [1, 0, 1, 1, 0, 1, 1], [0, 1, 1, 1, 1, 0, 1], [1, 1, 1, 1, 1, 1, 0]]",3.0,8.0,Y,"{0: 11, 1: 3, 2: 19, 3: 51, 4: 27, 5: 35, 6: 43}","{(0, 3): 9, (0, 4): 1, (0, 6): 1, (1, 3): 1, (1, 5): 1, (1, 6): 1, (2, 4): 1, (2, 5): 1, (2, 6): 17, (3, 4): 23, (3, 5): 13, (3, 6): 4, (4, 5): 1, (4, 6): 1, (5, 6): 18}",1514.9999999266583
890,664.0,Graph with 7 nodes and 13 edges,"[[0, 0, 0, 1, 1, 1, 1], [0, 0, 0, 1, 1, 1, 0], [0, 0, 0, 0, 0, 1, 1], [1, 1, 0, 0, 0, 1, 1], [1, 1, 0, 0, 0, 0, 1], [1, 1, 1, 1, 0, 0, 1], [1, 0, 1, 1, 1, 1, 0]]",2.0,5.0,Y,"{0: 17, 1: 12, 2: 2, 3: 27, 4: 7, 5: 32, 6: 22}","{(0, 3): 1, (0, 4): 1, (0, 5): 1, (0, 6): 14, (1, 3): 3, (1, 4): 1, (1, 5): 7, (2, 5): 1, (2, 6): 1, (3, 5): 21, (3, 6): 1, (4, 6): 5, (5, 6): 1}",1070.9999999107822
905,664.0,Graph with 7 nodes and 13 edges,"[[0, 0, 0, 1, 1, 1, 1], [0, 0, 0, 1, 1, 1, 0], [0, 0, 0, 0, 0, 1, 1], [1, 1, 0, 0, 0, 1, 1], [1, 1, 0, 0, 0, 0, 1], [1, 1, 1, 1, 0, 0, 1], [1, 0, 1, 1, 1, 1, 0]]",4.0,2.0,Y,"{0: 6, 1: 10, 2: 8, 3: 12, 4: 4, 5: 14, 6: 16}","{(0, 3): 2, (0, 4): 1, (0, 5): 2, (0, 6): 1, (1, 3): 8, (1, 4): 1, (1, 5): 1, (2, 5): 3, (2, 6): 5, (3, 5): 1, (3, 6): 1, (4, 6): 2, (5, 6): 7}",1150.000000052387
913,722.0,Graph with 7 nodes and 15 edges,"[[0, 0, 0, 1, 1, 1, 1], [0, 0, 0, 1, 1, 1, 1], [0, 0, 0, 1, 1, 1, 1], [1, 1, 1, 0, 0, 1, 1], [1, 1, 1, 0, 0, 0, 1], [1, 1, 1, 1, 0, 0, 0], [1, 1, 1, 1, 1, 0, 0]]",4.0,1.0,Y,"{0: 5, 1: 6, 2: 8, 3: 10, 4: 4, 5: 7, 6: 9}","{(0, 3): 1, (0, 4): 1, (0, 5): 1, (0, 6): 2, (1, 3): 1, (1, 4): 1, (1, 5): 1, (1, 6): 3, (2, 3): 3, (2, 4): 1, (2, 5): 1, (2, 6): 2, (3, 5): 3, (3, 6): 1, (4, 6): 1}",1240.9999999363208
946,750.0,Graph with 7 nodes and 12 edges,"[[0, 0, 1, 0, 1, 1, 1], [0, 0, 0, 1, 0, 1, 1], [1, 0, 0, 0, 1, 1, 1], [0, 1, 0, 0, 0, 0, 0], [1, 0, 1, 0, 0, 0, 1], [1, 1, 1, 0, 0, 0, 1], [1, 1, 1, 0, 1, 1, 0]]",4.0,7.0,Y,"{0: 11, 1: 46, 2: 25, 3: 32, 4: 4, 5: 18, 6: 39}","{(0, 2): 1, (0, 4): 1, (0, 5): 1, (0, 6): 8, (1, 3): 32, (1, 5): 11, (1, 6): 2, (2, 4): 1, (2, 5): 1, (2, 6): 22, (4, 6): 2, (5, 6): 4}",1129.9999999891952
956,760.0,Graph with 7 nodes and 13 edges,"[[0, 0, 1, 0, 1, 1, 1], [0, 0, 0, 1, 0, 1, 1], [1, 0, 0, 0, 1, 1, 1], [0, 1, 0, 0, 0, 1, 1], [1, 0, 1, 0, 0, 0, 0], [1, 1, 1, 1, 0, 0, 1], [1, 1, 1, 1, 0, 1, 0]]",2.0,8.0,Y,"{0: 10, 1: 50, 2: 34, 3: 18, 4: 2, 5: 26, 6: 42}","{(0, 2): 7, (0, 4): 1, (0, 5): 1, (0, 6): 1, (1, 3): 16, (1, 5): 1, (1, 6): 33, (2, 4): 1, (2, 5): 21, (2, 6): 5, (3, 5): 1, (3, 6): 1, (5, 6): 2}",1720.9999999749925
963,760.0,Graph with 7 nodes and 13 edges,"[[0, 0, 1, 0, 1, 1, 1], [0, 0, 0, 1, 0, 1, 1], [1, 0, 0, 0, 1, 1, 1], [0, 1, 0, 0, 0, 1, 1], [1, 0, 1, 0, 0, 0, 0], [1, 1, 1, 1, 0, 0, 1], [1, 1, 1, 1, 0, 1, 0]]",3.0,6.0,Y,"{0: 9, 1: 3, 2: 39, 3: 27, 4: 21, 5: 33, 6: 15}","{(0, 2): 4, (0, 4): 2, (0, 5): 1, (0, 6): 1, (1, 3): 1, (1, 5): 1, (1, 6): 1, (2, 4): 18, (2, 5): 15, (2, 6): 1, (3, 5): 15, (3, 6): 11, (5, 6): 1}",1154.0000000422879
967,760.0,Graph with 7 nodes and 13 edges,"[[0, 0, 1, 0, 1, 1, 1], [0, 0, 0, 1, 0, 1, 1], [1, 0, 0, 0, 1, 1, 1], [0, 1, 0, 0, 0, 1, 1], [1, 0, 1, 0, 0, 0, 0], [1, 1, 1, 1, 0, 0, 1], [1, 1, 1, 1, 0, 1, 0]]",4.0,1.0,Y,"{0: 5, 1: 7, 2: 6, 3: 8, 4: 4, 5: 9, 6: 10}","{(0, 2): 1, (0, 4): 2, (0, 5): 1, (0, 6): 1, (1, 3): 1, (1, 5): 1, (1, 6): 4, (2, 4): 2, (2, 5): 1, (2, 6): 2, (3, 5): 5, (3, 6): 1, (5, 6): 1}",1166.0000000119908
969,760.0,Graph with 7 nodes and 13 edges,"[[0, 0, 1, 0, 1, 1, 1], [0, 0, 0, 1, 0, 1, 1], [1, 0, 0, 0, 1, 1, 1], [0, 1, 0, 0, 0, 1, 1], [1, 0, 1, 0, 0, 0, 0], [1, 1, 1, 1, 0, 0, 1], [1, 1, 1, 1, 0, 1, 0]]",4.0,3.0,Y,"{0: 7, 1: 13, 2: 10, 3: 16, 4: 4, 5: 19, 6: 22}","{(0, 2): 1, (0, 4): 3, (0, 5): 1, (0, 6): 1, (1, 3): 1, (1, 5): 1, (1, 6): 11, (2, 4): 1, (2, 5): 1, (2, 6): 7, (3, 5): 14, (3, 6): 1, (5, 6): 1}",1204.0000000297368
978,782.0,Graph with 7 nodes and 13 edges,"[[0, 0, 1, 0, 1, 1, 1], [0, 0, 0, 1, 1, 1, 1], [1, 0, 0, 0, 1, 0, 1], [0, 1, 0, 0, 0, 1, 0], [1, 1, 1, 0, 0, 0, 1], [1, 1, 0, 1, 0, 0, 1], [1, 1, 1, 0, 1, 1, 0]]",2.0,3.0,Y,"{0: 20, 1: 11, 2: 17, 3: 2, 4: 14, 5: 8, 6: 5}","{(0, 2): 12, (0, 4): 1, (0, 5): 5, (0, 6): 1, (1, 3): 1, (1, 4): 8, (1, 5): 1, (1, 6): 1, (2, 4): 3, (2, 6): 1, (3, 5): 1, (4, 6): 1, (5, 6): 1}",1589.9999999646752
994,782.0,Graph with 7 nodes and 13 edges,"[[0, 0, 1, 0, 1, 1, 1], [0, 0, 0, 1, 1, 1, 1], [1, 0, 0, 0, 1, 0, 1], [0, 1, 0, 0, 0, 1, 0], [1, 1, 1, 0, 0, 0, 1], [1, 1, 0, 1, 0, 0, 1], [1, 1, 1, 0, 1, 1, 0]]",4.0,1.0,Y,"{0: 4, 1: 10, 2: 8, 3: 6, 4: 9, 5: 5, 6: 7}","{(0, 2): 1, (0, 4): 1, (0, 5): 1, (0, 6): 1, (1, 3): 5, (1, 4): 2, (1, 5): 2, (1, 6): 1, (2, 4): 4, (2, 6): 2, (3, 5): 1, (4, 6): 1, (5, 6): 1}",1682.9999999572465
999,782.0,Graph with 7 nodes and 13 edges,"[[0, 0, 1, 0, 1, 1, 1], [0, 0, 0, 1, 1, 1, 1], [1, 0, 0, 0, 1, 0, 1], [0, 1, 0, 0, 0, 1, 0], [1, 1, 1, 0, 0, 0, 1], [1, 1, 0, 1, 0, 0, 1], [1, 1, 1, 0, 1, 1, 0]]",4.0,6.0,Y,"{0: 4, 1: 22, 2: 34, 3: 28, 4: 10, 5: 16, 6: 40}","{(0, 2): 1, (0, 4): 1, (0, 5): 1, (0, 6): 1, (1, 3): 15, (1, 4): 1, (1, 5): 1, (1, 6): 5, (2, 4): 4, (2, 6): 29, (3, 5): 13, (4, 6): 4, (5, 6): 1}",1331.0000000501532
1012,792.0,Graph with 7 nodes and 15 edges,"[[0, 0, 1, 0, 1, 1, 1], [0, 0, 0, 1, 1, 1, 1], [1, 0, 0, 0, 1, 1, 1], [0, 1, 0, 0, 0, 0, 1], [1, 1, 1, 0, 0, 1, 1], [1, 1, 1, 0, 1, 0, 1], [1, 1, 1, 1, 1, 1, 0]]",3.0,2.0,Y,"{0: 5, 1: 11, 2: 9, 3: 3, 4: 7, 5: 13, 6: 15}","{(0, 2): 1, (0, 4): 1, (0, 5): 1, (0, 6): 2, (1, 3): 1, (1, 4): 1, (1, 5): 3, (1, 6): 5, (2, 4): 1, (2, 5): 6, (2, 6): 1, (3, 6): 2, (4, 5): 1, (4, 6): 3, (5, 6): 1}",1313.9999999793872
1016,792.0,Graph with 7 nodes and 15 edges,"[[0, 0, 1, 0, 1, 1, 1], [0, 0, 0, 1, 1, 1, 1], [1, 0, 0, 0, 1, 1, 1], [0, 1, 0, 0, 0, 0, 1], [1, 1, 1, 0, 0, 1, 1], [1, 1, 1, 0, 1, 0, 1], [1, 1, 1, 1, 1, 1, 0]]",3.0,6.0,Y,"{0: 9, 1: 39, 2: 27, 3: 3, 4: 15, 5: 21, 6: 33}","{(0, 2): 6, (0, 4): 1, (0, 5): 1, (0, 6): 1, (1, 3): 2, (1, 4): 8, (1, 5): 1, (1, 6): 28, (2, 4): 3, (2, 5): 16, (2, 6): 1, (3, 6): 1, (4, 5): 1, (4, 6): 1, (5, 6): 1}",1502.000000073167
1020,792.0,Graph with 7 nodes and 15 edges,"[[0, 0, 1, 0, 1, 1, 1], [0, 0, 0, 1, 1, 1, 1], [1, 0, 0, 0, 1, 1, 1], [0, 1, 0, 0, 0, 0, 1], [1, 1, 1, 0, 0, 1, 1], [1, 1, 1, 0, 1, 0, 1], [1, 1, 1, 1, 1, 1, 0]]",4.0,1.0,Y,"{0: 4, 1: 6, 2: 5, 3: 7, 4: 8, 5: 9, 6: 10}","{(0, 2): 1, (0, 4): 1, (0, 5): 1, (0, 6): 1, (1, 3): 3, (1, 4): 1, (1, 5): 1, (1, 6): 1, (2, 4): 1, (2, 5): 1, (2, 6): 1, (3, 6): 4, (4, 5): 4, (4, 6): 1, (5, 6): 1}",1260.9999999995125
1024,792.0,Graph with 7 nodes and 15 edges,"[[0, 0, 1, 0, 1, 1, 1], [0, 0, 0, 1, 1, 1, 1], [1, 0, 0, 0, 1, 1, 1], [0, 1, 0, 0, 0, 0, 1], [1, 1, 1, 0, 0, 1, 1], [1, 1, 1, 0, 1, 0, 1], [1, 1, 1, 1, 1, 1, 0]]",4.0,5.0,Y,"{0: 4, 1: 14, 2: 9, 3: 19, 4: 24, 5: 29, 6: 34}","{(0, 2): 1, (0, 4): 1, (0, 5): 1, (0, 6): 1, (1, 3): 5, (1, 4): 1, (1, 5): 1, (1, 6): 6, (2, 4): 1, (2, 5): 1, (2, 6): 6, (3, 6): 13, (4, 5): 20, (4, 6): 1, (5, 6): 6}",1071.000000024469
1068,840.0,Graph with 7 nodes and 18 edges,"[[0, 0, 1, 1, 1, 1, 1], [0, 0, 0, 1, 1, 1, 1], [1, 0, 0, 0, 1, 1, 1], [1, 1, 0, 0, 1, 1, 1], [1, 1, 1, 1, 0, 1, 1], [1, 1, 1, 1, 1, 0, 1], [1, 1, 1, 1, 1, 1, 0]]",4.0,4.0,Y,"{0: 16, 1: 8, 2: 4, 3: 28, 4: 24, 5: 12, 6: 20}","{(0, 2): 1, (0, 3): 11, (0, 4): 2, (0, 5): 1, (0, 6): 1, (1, 3): 5, (1, 4): 1, (1, 5): 1, (1, 6): 1, (2, 4): 1, (2, 5): 1, (2, 6): 1, (3, 4): 4, (3, 5): 7, (3, 6): 1, (4, 5): 1, (4, 6): 15, (5, 6): 1}",1401.9999999845822
